path,bytes,sha256
README.md,6103,828737fab681d84091b10b6d2db91155b14b92eea6bbb4dd528af82df0c2bbf3
RELEASE_NOTES_v2.0.0.md,2230,31f9fe3fd3eaf0c9f09274967e44acf8acb4404d70c30c7d9915fa31765fdb5c
metadata/ZENODO_V2_METADATA.md,2238,c829e0e5e73d1f4752a93ac9f24e745a486565711026cc128a6117d17cd9b7e3
releases/Jolo_V2_MatchedTransfer_CompleteOutputs.zip,2300976,f3ad3230fdc8b26358ba5f31ee23ef489375561bd01723ff23c250a5513a94c8
releases/Jolo_V2_StressTests_FrozenOutputs.zip,17064,a0dbc07a7e3e7e4ea245d10c7e55317b2bd452cb0c587b0410833e53d42b2478
results/v2_ems/Jolo_V2_EMS_Summary.json,1722,9d2349f797ef214b5fcc6e1cb3e462cec55a790f15ef734bf21e7bcad2f284d1
results/v2_ems/README.md,5074,58a2bec97fbff4fc1d1f920ada9ee227ee60a7d721e3f78debe820d2b6ba2255
results/v2_ems/matched_transfer/V2_3kmCV_AOA_Calibration.csv,567,2e12116372814419e1a8d88bdcbb81d7e7d6e2610e90d3a4d1d3477d83606b4a
results/v2_ems/matched_transfer/V2_3kmCV_DI_Distribution.csv,166339,5267ad87d92d17e19e8d92644d93c2f2defd518f168200a64114e12dc7b746b0
results/v2_ems/matched_transfer/V2_3km_SHAP_DirectionStability.csv,810,6448190b04408bbab86fa5e27fdc9646209ec38df4abf9008c65a99e4b4f8a61
results/v2_ems/matched_transfer/V2_3km_SHAP_RankStability.csv,639,deff3921b113e7e6049a84f6360ab174146d3d7e81cb62e8b24f6f81700af613
results/v2_ems/matched_transfer/V2_AOA_OverallSummary.csv,288,17d77da94404ec80bbc8be1a85d86a14d8dabc4bedbeea792ee1272ed02d646a
results/v2_ems/matched_transfer/V2_CrossSeason_SHAP_RankCorrelation.csv,117,bbf8bd61fd3a208dca90666fc851547f9ccf5dc2b4c98d9f4994a57d930c4a7d
results/v2_ems/matched_transfer/V2_GroupedSHAP_Concordance.csv,358,254c11d69e6be53ee3666c7b251758cd17459ad9c2699e33bf7363aa6d26d6e8
results/v2_ems/matched_transfer/V2_GroupedSHAP_DirectionStability.csv,1725,2cf7a82d8043c02170cb81299163b9b877be2b3bfc00db9bcc49d706c7175a0a
results/v2_ems/matched_transfer/V2_GroupedSHAP_Direction_ByTransfer.csv,5954,1c71b8db653fb6136d8d9cf729703a7db432811494572a162528374490b13acb
results/v2_ems/matched_transfer/V2_GroupedSHAP_FullFit.csv,374,73b91c86a8ee07a5b3b6a6b116d878ed50d97593bf2660c8182cd3ddc9f2ce93
results/v2_ems/matched_transfer/V2_GroupedSHAP_Importance_ByTransfer.csv,7233,17844885855011e6d27cfb979c803bea4e3e6b911270d362756a70d7ec739415
results/v2_ems/matched_transfer/V2_GroupedSHAP_PredictorRankStability.csv,1719,9c1978ab3793baf2bf3dea5434ff38a9d7164c41c5d9b3c4f659faca69462a3b
results/v2_ems/matched_transfer/V2_GroupedSHAP_StabilityPerformanceCorrelations.csv,1905,8f39de657ccaf9384559787bb5a8373aa49003627f1bb81d2a8145bd367b1269
results/v2_ems/matched_transfer/V2_GroupedSHAP_TransferSummary.csv,2153,70dba6de0deccb1ec593116fc169814c5a3f0b9ad4dc44e2bab97390b23d67d5
results/v2_ems/matched_transfer/V2_LOMO_AOA_MunicipalityCorrelations.csv,1165,9e440a3210025fe2d6a9343e85dd114ac7c9be1ae85ce04a10819714cacb6f56
results/v2_ems/matched_transfer/V2_LOMO_AOA_Performance.csv,3560,77941c3b0a60a61479b1604150ae49434a6efe74066d1080339d37acb8b1aea3
results/v2_ems/matched_transfer/V2_LOMO_ExplanationSimilarity_vs_Performance.csv,997,983b3dd726972aad1676eb72d9631b211d3b3dc660ca0473688bf6923c3adcf4
results/v2_ems/matched_transfer/V2_LOMO_SHAP_DirectionStability.csv,951,58fa09f91114c3a4c6c323b01615adbc5624241f088d7a21f69fe886777b4c19
results/v2_ems/matched_transfer/V2_LOMO_SHAP_RankStability.csv,868,53a0a4eace73f5503285aaef800e5b3607e0f193c9d34aacb0b3f53d805964ba
results/v2_ems/matched_transfer/V2_LightGBM_Seed_ExplanationStability.csv,95,86d8e51ee339ad93169d93f54f609d478117ba7d8bd66b12e54598dbbddc5985
results/v2_ems/matched_transfer/V2_LightGBM_Seed_SHAP_Importance.csv,2952,adb460a638916a6cc68cef0073b7c0e03a5955c14e31879fd439f26fd1da8cce
results/v2_ems/matched_transfer/V2_MultiscaleFold_Performance.csv,1346,6ec21b5ae48b8bb3bbdfcec6106bb0ea42404369ba1be75909186b0b858397ca
results/v2_ems/matched_transfer/V2_MultiscaleFold_SHAP_Direction.csv,6226,1869e6c5b9634b3f38e0b0d388dc58c4bfdc4a8cf7b8f41e48e020627dc3369f
results/v2_ems/matched_transfer/V2_MultiscaleFold_SHAP_Importance.csv,6206,c22b77bfd06114cb49637f89c0cd3040557f29528306ce9a8897eb0411bb667d
results/v2_ems/matched_transfer/V2_Multiscale_ExplanationStability_Summary.csv,494,c77f565015058ff3bbd5f57f51303415db1f227f1f6e9db47d12f0dd9efbbe26
results/v2_ems/matched_transfer/V2_SHAP_HeatDriver_RegimeSummary.csv,2042,86e95e3afa2321d94d496c1318f32eb695386958b5565a22fa9ae7a9e77c855a
results/v2_ems/matched_transfer/V2_SHAP_RankStability_Summary.csv,205,c2316fad0b46698dfde09e2c7730691b81213c03ce6791fe267affe8c9dc97ce
results/v2_ems/matched_transfer/V2_SHAP_Regime_ClusterSelection.csv,585,4227e899c07d4bb4f4e44fcfe8969326b847f3c9e7107b866302f22f08d96626
results/v2_ems/matched_transfer/V2_SHAP_Regime_MunicipalityComposition.csv,1051,c0624513678214b30f55b586b4c2d79b43aa16c41693ce1ce6fe4d285a6e5585
results/v2_ems/matched_transfer/V2_SHAP_Regime_PredictorCharacteristics.csv,1370,5a15efa432e68993244d862a090937465161286b4835ebd6a89cc93dee2361ea
results/v2_ems/matched_transfer/V2_Seasonal_3kmFold_Performance.csv,1043,b1b805a6ee3071500a051cda590c09159f77ecc57c445caf4a39407a2ea988d3
results/v2_ems/matched_transfer/V2_Seasonal_3kmFold_SHAP_Direction.csv,4691,f8d73b31df011ef8db8ac7c4ef86de4919e8592dc2a103f274deaae2560c19f3
results/v2_ems/matched_transfer/V2_Seasonal_3kmFold_SHAP_Importance.csv,4704,2c6c64d7162e7537600a07159d27c6f3a2d03d1c2523cc2a257e5877b71b44d9
results/v2_ems/matched_transfer/V2_Seasonal_ExplanationStability_Summary.csv,245,a294ebab6f67f501bd8d7f18725e20f22eb4025a16c74ed242a4c7ce4ca840e7
results/v2_ems/matched_transfer/V2_Seasonal_PredictorStability.csv,1345,699cf4165c8c31b76090d218d8b0151f7a0367143d0aaef4db6805f93ad94676
results/v2_ems/stress_tests/README_RESULTS.txt,782,c3aa3e7f791027c0010192caac22b2ebe4867df61a2c5f4a21c267f8b38c0ab2
results/v2_ems/stress_tests/V2_Ablation_ExplanationStability_ByFold.csv,6536,571d2c8c7f4098ec4f5a29e77269d7f6591af00775fbc631ad1c98c32de365db
results/v2_ems/stress_tests/V2_Ablation_ExplanationStability_Summary.csv,529,d5ed27373df3866a945706c29fe1891d7064025be33920db67b0aa79a7c58388
results/v2_ems/stress_tests/V2_BlockOrigin_Sensitivity_ByFold.csv,8195,afb87d588b8893b57947985b4035d1c126d79d57ab45d7d7c60e0e68abbccc1a
results/v2_ems/stress_tests/V2_BlockOrigin_Sensitivity_Summary.csv,706,730c3ac3db11ab5731578c59535d72042ff5ed24f3fc3fc611055ea9f5a1fcc9
results/v2_ems/stress_tests/V2_CommonReference_3km_ByFold.csv,3513,26947e346f9d876154d1b06d05b17cd5b552a827eba1ba357e8b4104d3369d78
results/v2_ems/stress_tests/V2_CommonReference_3km_Summary.csv,167,5ab2c46ef609f92ca678f7819798fba5f3bec346958c76e8a8796a44fdd34654
results/v2_ems/stress_tests/V2_CommonReference_LOMO_ByMunicipality.csv,8912,6b413a3f8da9aac6835bd3b67ad653309029a8f8648b666ee2a4b8566c321220
results/v2_ems/stress_tests/V2_CommonReference_LOMO_ConsensusSimilarity.csv,296,32cf608fa8b8cbdf3fc894573d6221d693fa467c84ed981bf403768610d24bc7
results/v2_ems/stress_tests/V2_CommonReference_LOMO_Summary.csv,272,f82fdd55215a6caaf75faaf4c33080e650ed44edeaf2d80f300a62cd1a72e5b5
results/v2_ems/stress_tests/V2_CrossModel_3km_Performance.csv,218,990ca642ecd65aa01bc3c15b85836bb9fb9c2214387b13785d53a5bf67498f75
results/v2_ems/stress_tests/V2_CrossModel_MeanImportance.csv,1329,ce55c8cf898a8075437782b516889cdad7a83af02a31df61eacd89e9be8af13f
results/v2_ems/stress_tests/V2_CrossModel_RankAgreement.csv,156,67d6a9a11cd0e539405fa48dcc36f697563dc604d9a02cfda10cf206ea7b8e40
results/v2_ems/stress_tests/V2_CrossModel_SHAP_3km_ByFold.csv,8935,278481aa6b28fe197706768cc9bb7e6266c4317398313720dee13e0bd0b7760b
results/v2_ems/stress_tests/V2_CrossModel_WithinModel_Stability.csv,335,8c01e835c51ec11d94564f50e5d9f1e69078c8852158f632ae78d7e9f85d0039
scripts/python/run_v2_ems_stress_tests.py,16632,be6fce6563bebf1111105914dbd427c1f2f4dd7c848ef4cf2ae083cd55c8760c
scripts/python/verify_v2_ems_archive.py,2353,2b6c60b7c7824ab5664200c531aeb096f15616e2f8b260c68d145a104a9ab82f
