scheme,group,predictor,mean_abs_SHAP,rank
3km,1,NDVI_MAM_median,0.6511501778751825,2.0
3km,1,NDBI_MAM_median,0.3236192203194684,3.0
3km,1,GHSL_built_local_fraction,0.029513286904274374,9.0
3km,1,elevation_m,0.6768765735210234,1.0
3km,1,slope_deg,0.05839590004506168,6.0
3km,1,northness,0.03370029233521366,8.0
3km,1,eastness,0.18386508376298502,5.0
3km,1,distance_to_coast_m,0.2789268485277385,4.0
3km,1,WorldCover,0.040884869910847554,7.0
3km,2,NDVI_MAM_median,0.5205155149566696,2.0
3km,2,NDBI_MAM_median,0.3027960029936495,3.0
3km,2,GHSL_built_local_fraction,0.029520847653003248,9.0
3km,2,elevation_m,0.8313253193210576,1.0
3km,2,slope_deg,0.055948932738139605,6.0
3km,2,northness,0.04250580784667601,7.0
3km,2,eastness,0.16989592844759843,5.0
3km,2,distance_to_coast_m,0.29302720091607104,4.0
3km,2,WorldCover,0.03212386971804138,8.0
3km,3,NDVI_MAM_median,0.7111831600310258,2.0
3km,3,NDBI_MAM_median,0.3080879948592105,3.0
3km,3,GHSL_built_local_fraction,0.024663053956690724,9.0
3km,3,elevation_m,0.8379819035540095,1.0
3km,3,slope_deg,0.06870450914703191,6.0
3km,3,northness,0.03666498338772692,8.0
3km,3,eastness,0.15860523126217263,5.0
3km,3,distance_to_coast_m,0.21548224087211465,4.0
3km,3,WorldCover,0.03986380302553531,7.0
3km,4,NDVI_MAM_median,0.49473397488429854,2.0
3km,4,NDBI_MAM_median,0.29803112396639014,3.0
3km,4,GHSL_built_local_fraction,0.026028110578854503,9.0
3km,4,elevation_m,0.9575199015957627,1.0
3km,4,slope_deg,0.05230551097857321,6.0
3km,4,northness,0.03075731528045727,8.0
3km,4,eastness,0.17525858985589263,5.0
3km,4,distance_to_coast_m,0.21790657813144051,4.0
3km,4,WorldCover,0.03630429250410686,7.0
3km,5,NDVI_MAM_median,0.580473472223485,2.0
3km,5,NDBI_MAM_median,0.3158782638463911,3.0
3km,5,GHSL_built_local_fraction,0.02940802152230118,9.0
3km,5,elevation_m,0.7673987610808976,1.0
3km,5,slope_deg,0.06063068796551134,6.0
3km,5,northness,0.04440314985928389,7.0
3km,5,eastness,0.18268099372961263,5.0
3km,5,distance_to_coast_m,0.277213269412085,4.0
3km,5,WorldCover,0.037313258515206366,8.0
LOMO,Talipao,NDVI_MAM_median,0.5893152320357113,2.0
LOMO,Talipao,NDBI_MAM_median,0.2551295297072485,4.0
LOMO,Talipao,GHSL_built_local_fraction,0.021008007131299678,9.0
LOMO,Talipao,elevation_m,0.7347050373155888,1.0
LOMO,Talipao,slope_deg,0.05878387941822234,6.0
LOMO,Talipao,northness,0.03985043077688451,8.0
LOMO,Talipao,eastness,0.16778246738813107,5.0
LOMO,Talipao,distance_to_coast_m,0.31255731912853457,3.0
LOMO,Talipao,WorldCover,0.040906300043362695,7.0
LOMO,Patikul,NDVI_MAM_median,0.6516642819285245,2.0
LOMO,Patikul,NDBI_MAM_median,0.3226840796735032,3.0
LOMO,Patikul,GHSL_built_local_fraction,0.026107323263544587,9.0
LOMO,Patikul,elevation_m,1.084100671961942,1.0
LOMO,Patikul,slope_deg,0.07640071121462301,6.0
LOMO,Patikul,northness,0.036033598521150075,7.0
LOMO,Patikul,eastness,0.17516864478207836,5.0
LOMO,Patikul,distance_to_coast_m,0.17518264022465418,4.0
LOMO,Patikul,WorldCover,0.027050728711615502,8.0
LOMO,Indanan,NDVI_MAM_median,0.5522758514729899,2.0
LOMO,Indanan,NDBI_MAM_median,0.2656914763763996,4.0
LOMO,Indanan,GHSL_built_local_fraction,0.02456993380222143,8.0
LOMO,Indanan,elevation_m,0.9311952499512715,1.0
LOMO,Indanan,slope_deg,0.07162730683610279,6.0
LOMO,Indanan,northness,0.03705385732713546,7.0
LOMO,Indanan,eastness,0.15836687937802338,5.0
LOMO,Indanan,distance_to_coast_m,0.3344597377268406,3.0
LOMO,Indanan,WorldCover,0.021898258444071613,9.0
LOMO,Luuk,NDVI_MAM_median,0.5684049635092835,2.0
LOMO,Luuk,NDBI_MAM_median,0.3296168977035416,3.0
LOMO,Luuk,GHSL_built_local_fraction,0.030747482824856325,9.0
LOMO,Luuk,elevation_m,0.6550650111840934,1.0
LOMO,Luuk,slope_deg,0.05194451340191547,6.0
LOMO,Luuk,northness,0.042003167465630015,8.0
LOMO,Luuk,eastness,0.13733025060933352,5.0
LOMO,Luuk,distance_to_coast_m,0.3068288082204924,4.0
LOMO,Luuk,WorldCover,0.042069861283056835,7.0
LOMO,Parang,NDVI_MAM_median,0.5341015814214571,2.0
LOMO,Parang,NDBI_MAM_median,0.29295516915096964,3.0
LOMO,Parang,GHSL_built_local_fraction,0.027170580171853153,8.0
LOMO,Parang,elevation_m,0.8919887298207712,1.0
LOMO,Parang,slope_deg,0.05131312253235962,6.0
LOMO,Parang,northness,0.037785038956006614,7.0
LOMO,Parang,eastness,0.1480763598987094,5.0
LOMO,Parang,distance_to_coast_m,0.27671586367918366,4.0
LOMO,Parang,WorldCover,0.023185124942482555,9.0
LOMO,Kalingalan Caluang,NDVI_MAM_median,0.5746507891643595,2.0
LOMO,Kalingalan Caluang,NDBI_MAM_median,0.3024318856643514,3.0
LOMO,Kalingalan Caluang,GHSL_built_local_fraction,0.027720853800332866,9.0
LOMO,Kalingalan Caluang,elevation_m,0.6422465092334999,1.0
LOMO,Kalingalan Caluang,slope_deg,0.04890377631138335,6.0
LOMO,Kalingalan Caluang,northness,0.03059480397566743,8.0
LOMO,Kalingalan Caluang,eastness,0.22375070051571924,5.0
LOMO,Kalingalan Caluang,distance_to_coast_m,0.2514259320609453,4.0
LOMO,Kalingalan Caluang,WorldCover,0.04442481722899124,7.0
LOMO,Omar,NDVI_MAM_median,0.6105695818591365,2.0
LOMO,Omar,NDBI_MAM_median,0.30155607952836994,3.0
LOMO,Omar,GHSL_built_local_fraction,0.027577421291757585,9.0
LOMO,Omar,elevation_m,0.6727275140868647,1.0
LOMO,Omar,slope_deg,0.053380086660701216,6.0
LOMO,Omar,northness,0.03635109601542316,8.0
LOMO,Omar,eastness,0.20039341191379498,5.0
LOMO,Omar,distance_to_coast_m,0.27373655590189994,4.0
LOMO,Omar,WorldCover,0.03897784264803805,7.0
LOMO,Old Panamao,NDVI_MAM_median,0.6565667582254512,1.0
LOMO,Old Panamao,NDBI_MAM_median,0.27302819686707075,3.0
LOMO,Old Panamao,GHSL_built_local_fraction,0.028658733611375498,8.0
LOMO,Old Panamao,elevation_m,0.6378367402060533,2.0
LOMO,Old Panamao,slope_deg,0.052271015314487024,6.0
LOMO,Old Panamao,northness,0.038830484152301954,7.0
LOMO,Old Panamao,eastness,0.183310382356236,5.0
LOMO,Old Panamao,distance_to_coast_m,0.23820198377864052,4.0
LOMO,Old Panamao,WorldCover,0.021720541521884393,9.0
LOMO,Maimbung,NDVI_MAM_median,0.5253068639096776,2.0
LOMO,Maimbung,NDBI_MAM_median,0.29173684553144635,3.0
LOMO,Maimbung,GHSL_built_local_fraction,0.027370326657372077,9.0
LOMO,Maimbung,elevation_m,0.7119498711827882,1.0
LOMO,Maimbung,slope_deg,0.05024955574257042,6.0
LOMO,Maimbung,northness,0.028446874376760353,8.0
LOMO,Maimbung,eastness,0.15953868869805368,5.0
LOMO,Maimbung,distance_to_coast_m,0.22367170859372582,4.0
LOMO,Maimbung,WorldCover,0.036171134809683564,7.0
LOMO,Panglima Estino,NDVI_MAM_median,0.6705019315866064,1.0
LOMO,Panglima Estino,NDBI_MAM_median,0.3738639827680453,3.0
LOMO,Panglima Estino,GHSL_built_local_fraction,0.0324872392910618,8.0
LOMO,Panglima Estino,elevation_m,0.6676590461901366,2.0
LOMO,Panglima Estino,slope_deg,0.0754042846258833,6.0
LOMO,Panglima Estino,northness,0.032137095638136964,9.0
LOMO,Panglima Estino,eastness,0.1724601297273744,5.0
LOMO,Panglima Estino,distance_to_coast_m,0.23386053403204615,4.0
LOMO,Panglima Estino,WorldCover,0.0637972651331071,7.0
LOMO,Jolo,NDVI_MAM_median,1.7771898484706274,1.0
LOMO,Jolo,NDBI_MAM_median,1.6987682884167357,2.0
LOMO,Jolo,GHSL_built_local_fraction,0.45203629032396536,5.0
LOMO,Jolo,elevation_m,1.2050668212161648,3.0
LOMO,Jolo,slope_deg,0.03949818616134522,9.0
LOMO,Jolo,northness,0.050392338415578254,8.0
LOMO,Jolo,eastness,0.17287146412059404,7.0
LOMO,Jolo,distance_to_coast_m,0.5147149302853857,4.0
LOMO,Jolo,WorldCover,0.3397055255357793,6.0
